age,blood_pressure,cholesterol,gender_F,gender_M,readmitted
-0.7709385771594582,-0.9945054529214067,-1.0834726777719228,0.0,1.0,0
0.4253454218810807,0.26171196129510627,0.36115755925730764,1.0,0.0,1
-0.3721772441459453,-0.36639674581315024,0.0,0.0,1.0,0
1.2228680879081066,1.5179293755116192,1.4446302370292305,1.0,0.0,1
-1.5684612431864842,-1.308559806475535,-1.4446302370292305,0.0,1.0,0
1.0633635547027014,0.8898206684033628,0.7223151185146153,1.0,0.0,1
